"Name","TaskType","ProgressType","Set","TID","InfoTID","IconSWF","IconExportName","Score","DurationMinutes","Quantity","Quantity2","Data1","Data2","SelectionWeight","MinLeague","MaxLeague","Disabled"
"String","String","String","String","String","String","String","String","int","int","int","int","String","String","int","int","int","boolean"
"DestroyEagleArtillery","DestroyBuilding","Accumulative","Regular","TID_CLANGAMES_TASK_DESTROY_EAGLEARTILLERY","TID_CLANGAMES_TASK_INFO_DESTROY_EAGLEARTILLERY","sc/buildings.sc","doom_cannon_lvl2",300,480,2,,"Ancient Artillery",,32,0,10,
"DestroyElixirPumps","DestroyBuilding","Accumulative","Regular","TID_CLANGAMES_TASK_DESTROY_ELIXIRPUMPS","TID_CLANGAMES_TASK_INFO_DESTROY_ELIXIRPUMPS","sc/buildings.sc","elixir_pump_lvl6",200,480,12,,"Elixir Pump",,32,0,10,
"DestroyGoldMines","DestroyBuilding","Accumulative","Regular","TID_CLANGAMES_TASK_DESTROY_GOLDMINES","TID_CLANGAMES_TASK_INFO_DESTROY_GOLDMINES","sc/buildings.sc","goldmine_lvl6",200,480,12,,"Gold Mine",,32,0,10,
"DestroyElixirStorages","DestroyBuilding","Accumulative","Regular","TID_CLANGAMES_TASK_DESTROY_ELIXIRSTORAGES","TID_CLANGAMES_TASK_INFO_DESTROY_ELIXIRSTORAGES","sc/buildings.sc","elixir_storage_level6",200,480,8,,"Elixir Storage",,32,0,10,
"DestroyGoldStorages","DestroyBuilding","Accumulative","Regular","TID_CLANGAMES_TASK_DESTROY_GOLDSTORAGES","TID_CLANGAMES_TASK_INFO_DESTROY_GOLDSTORAGES","sc/buildings.sc","gold_storage_lvl6",200,480,8,,"Gold Storage",,32,0,10,
"DestroyMortars","DestroyBuilding","Accumulative","Regular","TID_CLANGAMES_TASK_DESTROY_MORTARS","TID_CLANGAMES_TASK_INFO_DESTROY_MORTARS","sc/buildings.sc","mortar_lvl4",200,480,8,,"Mortar",,32,0,10,
"DestroyWizardTowers","DestroyBuilding","Accumulative","Regular","TID_CLANGAMES_TASK_DESTROY_WIZARDTOWERS","TID_CLANGAMES_TASK_INFO_DESTROY_WIZARDTOWERS","sc/buildings.sc","wizard_tower_lvl4",200,480,8,,"Wizard Tower",,32,0,10,
"DestroyCannons","DestroyBuilding","Accumulative","Regular","TID_CLANGAMES_TASK_DESTROY_CANNONS","TID_CLANGAMES_TASK_INFO_DESTROY_CANNONS","sc/buildings.sc","basic_turret_lvl7",200,480,12,,"Cannon",,32,0,10,
"DestroyArcherTowers","DestroyBuilding","Accumulative","Regular","TID_CLANGAMES_TASK_DESTROY_ARCHERTOWERS","TID_CLANGAMES_TASK_INFO_DESTROY_ARCHERTOWERS","sc/buildings.sc","tower_turret_lvl3",200,480,14,,"Archer Tower",,32,0,10,
"DestroyDarkElixirPumps","DestroyBuilding","Accumulative","Regular","TID_CLANGAMES_TASK_DESTROY_DARKELIXIRPUMPS","TID_CLANGAMES_TASK_INFO_DESTROY_DARKELIXIRPUMPS","sc/buildings.sc","darkelixir_pump_lvl4",200,480,5,,"Dark Elixir Pump",,32,0,10,
"DestroyDarkElixirStorages","DestroyBuilding","Accumulative","Regular","TID_CLANGAMES_TASK_DESTROY_DARKELIXIRSTORAGES","TID_CLANGAMES_TASK_INFO_DESTROY_DARKELIXIRSTORAGES","sc/buildings.sc","darkelixir_storage_level3",250,480,2,,"Dark Elixir Storage",,32,0,10,
"DestroyClanCastles","DestroyBuilding","Accumulative","Regular","TID_CLANGAMES_TASK_DESTROY_CLANCASTLES","TID_CLANGAMES_TASK_INFO_DESTROY_CLANCASTLES","sc/buildings.sc","alliance_castle_lvl2",200,480,2,,"Alliance Castle",,32,0,10,
"DestroyLaboratories","DestroyBuilding","Accumulative","Regular","TID_CLANGAMES_TASK_DESTROY_LABORATORIES","TID_CLANGAMES_TASK_INFO_DESTROY_LABORATORIES","sc/buildings.sc","laboratory_lvl6",150,480,3,,"Laboratory",,13,0,10,
"DestroySpellFactories","DestroyBuilding","Accumulative","Regular","TID_CLANGAMES_TASK_DESTROY_SPELLFACTORIES","TID_CLANGAMES_TASK_INFO_DESTROY_SPELLFACTORIES","sc/buildings.sc","spell_factory_lvl3",150,480,3,,"Spell Forge",,13,0,10,
"DestroyDarkSpellFactories","DestroyBuilding","Accumulative","Regular","TID_CLANGAMES_TASK_DESTROY_DARKSPELLFACTORIES","TID_CLANGAMES_TASK_INFO_DESTROY_DARKSPELLFACTORIES","sc/buildings.sc","mini_spell_distillery_lvl1",150,480,3,,"Mini Spell Factory",,13,0,10,
"DestroyAirSweepers","DestroyBuilding","Accumulative","Regular","TID_CLANGAMES_TASK_DESTROY_AIRSWEEPERS","TID_CLANGAMES_TASK_INFO_DESTROY_AIRSWEEPERS","sc/buildings.sc","air_mortar_lvl2",200,480,4,,"Air Blaster",,32,0,10,
"DestroyAirDefenses","DestroyBuilding","Accumulative","Regular","TID_CLANGAMES_TASK_DESTROY_AIRDEFENSES","TID_CLANGAMES_TASK_INFO_DESTROY_AIRDEFENSES","sc/buildings.sc","fireworks_tower_lvl6",200,480,8,,"Air Defense",,32,0,10,
"DestroyInfernoTowers","DestroyBuilding","Accumulative","Regular","TID_CLANGAMES_TASK_DESTROY_INFERNOTOWERS","TID_CLANGAMES_TASK_INFO_DESTROY_INFERNOTOWERS","sc/buildings.sc","dark_tower_lvl2",250,480,4,,"Dark Tower",,32,0,10,
"DestroyBombTowers","DestroyBuilding","Accumulative","Regular","TID_CLANGAMES_TASK_DESTROY_BOMBTOWERS","TID_CLANGAMES_TASK_INFO_DESTROY_BOMBTOWERS","sc/buildings.sc","bomb_tower_lvl1",200,480,4,,"Bomb Tower",,32,0,10,
"DestroyTeslaTowers","DestroyBuilding","Accumulative","Regular","TID_CLANGAMES_TASK_DESTROY_TESLATOWERS","TID_CLANGAMES_TASK_INFO_DESTROY_TESLATOWERS","sc/buildings.sc","teslatower_lvl5_setup",200,480,8,,"Tesla Tower",,32,0,10,
"DestroyXbows","DestroyBuilding","Accumulative","Regular","TID_CLANGAMES_TASK_DESTROY_XBOWS","TID_CLANGAMES_TASK_INFO_DESTROY_XBOWS","sc/buildings.sc","rapidfire_turret_lvl1",250,480,8,,"Bow",,32,0,10,
"DestroyKingAltars","DestroyBuilding","Accumulative","Regular","TID_CLANGAMES_TASK_DESTROY_KINGALTARS","TID_CLANGAMES_TASK_INFO_DESTROY_KINGALTARS","sc/buildings.sc","heroaltar_barbarian_king_lvl1",150,480,3,,"Hero Altar Barbarian King",,13,0,10,
"DestroyQueenAltars","DestroyBuilding","Accumulative","Regular","TID_CLANGAMES_TASK_DESTROY_QUEENALTARS","TID_CLANGAMES_TASK_INFO_DESTROY_QUEENALTARS","sc/buildings.sc","heroaltar_archer_queen_lvl1",150,480,3,,"Hero Altar Archer Queen",,13,0,10,
"DestroyWardenAltars","DestroyBuilding","Accumulative","Regular","TID_CLANGAMES_TASK_DESTROY_WARDENALTARS","TID_CLANGAMES_TASK_INFO_DESTROY_WARDENALTARS","sc/buildings.sc","heroaltar_elder_lvl1",150,480,3,,"Hero Altar Grand Warden",,13,0,10,
"WinHomeBattles","WinHomeBattles","Accumulative","Regular","TID_CLANGAMES_TASK_WIN_HOMEBATTLES","TID_CLANGAMES_TASK_INFO_WIN_HOMEBATTLES","sc/ui.sc","Home_Win_Battles_Icon",200,480,2,,,,84,0,10,
"WinHomeBattles3Stars","WinHomeBattles3Stars","Accumulative","Regular","TID_CLANGAMES_TASK_WIN_HOMEBATTLES3STARS","TID_CLANGAMES_TASK_INFO_WIN_HOMEBATTLES3STARS","sc/ui.sc","Home_Get_3Stars_Icon",400,480,1,,,,84,0,10,
"GetHomeBattleStars","GetHomeBattleStars","Accumulative","Regular","TID_CLANGAMES_TASK_GET_HOMEBATTLESTARS","TID_CLANGAMES_TASK_INFO_GET_HOMEBATTLESTARS","sc/ui.sc","Home_Collect_Stars_Icon",200,480,6,,,,210,0,10,
"GetHomeBattleDestruction","GetHomeBattleDestruction","Accumulative","Regular","TID_CLANGAMES_TASK_GET_HOMEBATTLEDESTRUCTION","TID_CLANGAMES_TASK_INFO_GET_HOMEBATTLEDESTRUCTION","sc/ui.sc","Home_Get_Desturction_Icon",200,480,100,,,,210,0,10,
"LootGold","LootResources","Accumulative","Regular","TID_CLANGAMES_TASK_LOOT_GOLD","TID_CLANGAMES_TASK_INFO_LOOT_GOLD","sc/ui.sc","Home_Loot_Gold",250,480,500000,,"Gold",,105,0,10,
"LootElixir","LootResources","Accumulative","Regular","TID_CLANGAMES_TASK_LOOT_ELIXIR","TID_CLANGAMES_TASK_INFO_LOOT_ELIXIR","sc/ui.sc","Home_Loot_Elixir",250,480,500000,,"Elixir",,105,0,10,
"LootDarkElixir","LootResources","Accumulative","Regular","TID_CLANGAMES_TASK_LOOT_DARKELIXIR","TID_CLANGAMES_TASK_INFO_LOOT_DARKELIXIR","sc/ui.sc","Home_Loot_DarkElixir",250,480,5000,,"DarkElixir",,70,0,10,
"DonateTroops","DonateTroopCapacity","Accumulative","Regular","TID_CLANGAMES_TASK_DONATE_TROOPS","TID_CLANGAMES_TASK_INFO_DONATE_TROOPS","sc/ui.sc","Home_Donate_Troops",100,480,100,,,,210,0,10,
"DonateSpells","DonateSpellCapacity","Accumulative","Regular","TID_CLANGAMES_TASK_DONATE_SPELLS","TID_CLANGAMES_TASK_INFO_DONATE_SPELLS","sc/ui.sc","Home_Donate_Spells",100,480,5,,,,210,0,10,
"ClearObstacles","ClearObstacles","Accumulative","Regular","TID_CLANGAMES_TASK_CLEAR_OBSTACLES","TID_CLANGAMES_TASK_INFO_CLEAR_OBSTACLES","sc/ui.sc","Home_Clear_Obstacles",100,480,5,,,,210,0,10,
"WinHomeBattlesInRow","WinHomeBattles","Consecutive","Regular","TID_CLANGAMES_TASK_WIN_HOMEBATTLESINROW","TID_CLANGAMES_TASK_INFO_WIN_HOMEBATTLESINROW","sc/ui.sc","Home_Win_Battles_Icon",300,480,2,,"DarkElixir",,56,0,10,
"BeatDarkElixirTarget","LootResources","Best","Regular","TID_CLANGAMES_TASK_BEAT_DARKELIXIRTARGET","TID_CLANGAMES_TASK_INFO_BEAT_DARKELIXIRTARGET","sc/ui.sc","Home_Get_DarkElixirtarget",200,480,1500,,"DarkElixir",,70,0,10,
"BeatGoldTarget","LootResources","Best","Regular","TID_CLANGAMES_TASK_BEAT_GOLDTARGET","TID_CLANGAMES_TASK_INFO_BEAT_GOLDTARGET","sc/ui.sc","Home_Get_Goldtarget",200,480,150000,,"Gold",,70,0,10,
"BeatElixirTarget","LootResources","Best","Regular","TID_CLANGAMES_TASK_BEAT_ELIXIRTARGET","TID_CLANGAMES_TASK_INFO_BEAT_ELIXIRTARGET","sc/ui.sc","Home_Get_Elixirtarget",200,480,150000,,"Elixir",,70,0,10,
"UseBarbarians","WinStarsUsingTroop","Accumulative","Regular","TID_CLANGAMES_TASK_USE_BARBARIANS","TID_CLANGAMES_TASK_INFO_USE_BARBARIANS","sc/ui.sc","icon_unit_barbarian",200,480,5,30,"Barbarian",,42,0,10,
"UseArchers","WinStarsUsingTroop","Accumulative","Regular","TID_CLANGAMES_TASK_USE_ARCHERS","TID_CLANGAMES_TASK_INFO_USE_ARCHERS","sc/ui.sc","icon_unit_archer",200,480,5,30,"Archer",,42,0,10,
"UseGoblins","WinStarsUsingTroop","Accumulative","Regular","TID_CLANGAMES_TASK_USE_GOBLINS","TID_CLANGAMES_TASK_INFO_USE_GOBLINS","sc/ui.sc","icon_unit_goblin",200,480,5,20,"Goblin",,42,0,10,
"UseGiants","WinStarsUsingTroop","Accumulative","Regular","TID_CLANGAMES_TASK_USE_GIANTS","TID_CLANGAMES_TASK_INFO_USE_GIANTS","sc/ui.sc","icon_unit_giant",200,480,5,10,"Giant",,42,0,10,
"UseWallBreakers","WinStarsUsingTroop","Accumulative","Regular","TID_CLANGAMES_TASK_USE_WALLBREAKERS","TID_CLANGAMES_TASK_INFO_USE_WALLBREAKERS","sc/ui.sc","icon_unit_wallbreaker",200,480,5,6,"Wall Breaker",,42,0,10,
"UseLoons","WinStarsUsingTroop","Accumulative","Regular","TID_CLANGAMES_TASK_USE_LOONS","TID_CLANGAMES_TASK_INFO_USE_LOONS","sc/ui.sc","icon_unit_balloon",200,480,5,12,"Balloon",,42,0,10,
"UseWizards","WinStarsUsingTroop","Accumulative","Regular","TID_CLANGAMES_TASK_USE_WIZARDS","TID_CLANGAMES_TASK_INFO_USE_WIZARDS","sc/ui.sc","icon_unit_wizard",200,480,5,12,"Wizard",,42,0,10,
"UseHealers","WinStarsUsingTroop","Accumulative","Regular","TID_CLANGAMES_TASK_USE_HEALERS","TID_CLANGAMES_TASK_INFO_USE_HEALERS","sc/ui.sc","icon_unit_healer",200,480,5,3,"Healer",,42,0,10,
"UseMinions","WinStarsUsingTroop","Accumulative","Regular","TID_CLANGAMES_TASK_USE_MINIONS","TID_CLANGAMES_TASK_INFO_USE_MINIONS","sc/ui.sc","icon_unit_gargoyle",200,480,5,20,"Gargoyle",,42,0,10,
"UseHogRiders","WinStarsUsingTroop","Accumulative","Regular","TID_CLANGAMES_TASK_USE_HOGRIDERS","TID_CLANGAMES_TASK_INFO_USE_HOGRIDERS","sc/ui.sc","icon_unit_boarRider",200,480,5,10,"Boar Rider",,42,0,10,
"UseDragons","WinStarsUsingTroop","Accumulative","Regular","TID_CLANGAMES_TASK_USE_DRAGONS","TID_CLANGAMES_TASK_INFO_USE_DRAGONS","sc/ui.sc","icon_unit_dragon",200,480,5,6,"Dragon",,42,0,10,
"UsePEKKAs","WinStarsUsingTroop","Accumulative","Regular","TID_CLANGAMES_TASK_USE_PEKKAS","TID_CLANGAMES_TASK_INFO_USE_PEKKAS","sc/ui.sc","icon_unit_pekka",200,480,5,2,"PEKKA",,42,0,10,
"UseValkyries","WinStarsUsingTroop","Accumulative","Regular","TID_CLANGAMES_TASK_USE_VALKYRIES","TID_CLANGAMES_TASK_INFO_USE_VALKYRIES","sc/ui.sc","icon_unit_warriorGirl",200,480,5,8,"Warrior Girl",,42,0,10,
"UseGolems","WinStarsUsingTroop","Accumulative","Regular","TID_CLANGAMES_TASK_USE_GOLEMS","TID_CLANGAMES_TASK_INFO_USE_GOLEMS","sc/ui.sc","icon_unit_golem",200,480,5,2,"Golem",,42,0,10,
"UseWitches","WinStarsUsingTroop","Accumulative","Regular","TID_CLANGAMES_TASK_USE_WITCHES","TID_CLANGAMES_TASK_INFO_USE_WITCHES","sc/ui.sc","icon_unit_witch",200,480,5,4,"Warlock",,42,0,10,
"UseLavaHounds","WinStarsUsingTroop","Accumulative","Regular","TID_CLANGAMES_TASK_USE_LAVAHOUNDS","TID_CLANGAMES_TASK_INFO_USE_LAVAHOUNDS","sc/ui.sc","icon_unit_tiny",200,480,5,3,"AirDefenceSeeker",,42,0,10,
"UseBabyDragons","WinStarsUsingTroop","Accumulative","Regular","TID_CLANGAMES_TASK_USE_BABYDRAGONS","TID_CLANGAMES_TASK_INFO_USE_BABYDRAGONS","sc/ui.sc","icon_unit_babydragon",200,480,5,4,"BabyDragon",,42,0,10,
"UseBowlers","WinStarsUsingTroop","Accumulative","Regular","TID_CLANGAMES_TASK_USE_BOWLERS","TID_CLANGAMES_TASK_INFO_USE_BOWLERS","sc/ui.sc","icon_unit_troll",200,480,5,8,"Bowler",,42,0,10,
"UseMiners","WinStarsUsingTroop","Accumulative","Regular","TID_CLANGAMES_TASK_USE_MINERS","TID_CLANGAMES_TASK_INFO_USE_MINERS","sc/ui.sc","icon_unit_miner",200,480,5,8,"Miner",,42,0,10,
"UseRagedBarbarians","WinStarsUsingTroop","Accumulative","Regular","TID_CLANGAMES_TASK_USE_RAGEDBARBARIANS","TID_CLANGAMES_TASK_INFO_USE_RAGEDBARBARIANS","sc/ui.sc","icon_unit_raged_barbarian",200,480,5,4,"Barbarian2",,63,0,10,
"UseSneakyArchers","WinStarsUsingTroop","Accumulative","Regular","TID_CLANGAMES_TASK_USE_SNEAKYARCHERS","TID_CLANGAMES_TASK_INFO_USE_SNEAKYARCHERS","sc/ui.sc","icon_unit_stealthy_archer",200,480,5,4,"Archer2",,63,0,10,
"UseBetaMinions","WinStarsUsingTroop","Accumulative","Regular","TID_CLANGAMES_TASK_USE_BETAMINIONS","TID_CLANGAMES_TASK_INFO_USE_BETAMINIONS","sc/ui.sc","icon_unit_glowing_minion",200,480,5,8,"Gargoyle2",,63,0,10,
"UseBoxerGiants","WinStarsUsingTroop","Accumulative","Regular","TID_CLANGAMES_TASK_USE_BOXERGIANTS","TID_CLANGAMES_TASK_INFO_USE_BOXERGIANTS","sc/ui.sc","icon_unit_boxergiant",200,480,5,2,"Giant2",,63,0,10,
"UseBombers","WinStarsUsingTroop","Accumulative","Regular","TID_CLANGAMES_TASK_USE_BOMBERS","TID_CLANGAMES_TASK_INFO_USE_BOMBERS","sc/ui.sc","icon_unit_bomber",200,480,5,1,"Bomber2",,63,0,10,
"UseCannonCarts","WinStarsUsingTroop","Accumulative","Regular","TID_CLANGAMES_TASK_USE_CANNONCARTS","TID_CLANGAMES_TASK_INFO_USE_CANNONCARTS","sc/ui.sc","icon_unit_movingCannon",200,480,5,2,"Moving Cannon",,42,0,10,
"UseDropShips","WinStarsUsingTroop","Accumulative","Regular","TID_CLANGAMES_TASK_USE_DROPSHIPS","TID_CLANGAMES_TASK_INFO_USE_DROPSHIPS","sc/ui.sc","icon_unit_skeletonBalloon",200,480,5,2,"Balloon2",,21,0,10,
"UseBabyDragons2","WinStarsUsingTroop","Accumulative","Regular","TID_CLANGAMES_TASK_USE_BABYDRAGONS2","TID_CLANGAMES_TASK_INFO_USE_BABYDRAGONS2","sc/ui.sc","icon_unit_babydragon",200,480,5,2,"BabyDragon2",,42,0,10,
"UseNightWitches","WinStarsUsingTroop","Accumulative","Regular","TID_CLANGAMES_TASK_USE_NIGHTWITCHES","TID_CLANGAMES_TASK_INFO_USE_NIGHTWITCHES","sc/ui.sc","icon_unit_nightwitch",200,480,5,2,"Dark Witch",,42,0,10,
"WinBuilderBattles","WinBuilderBattles","Accumulative","Regular","TID_CLANGAMES_TASK_WIN_BUILDERBATTLES","TID_CLANGAMES_TASK_INFO_WIN_BUILDERBATTLES","sc/ui.sc","Builder_Win_Battles_Icon",200,480,3,,,,315,0,10,
"GetBuilderBattleStars","GetBuilderBattleStars","Accumulative","Regular","TID_CLANGAMES_TASK_GET_BUILDERBATTLESTARS","TID_CLANGAMES_TASK_INFO_GET_BUILDERBATTLESTARS","sc/ui.sc","Builder_Collect_Stars_Icon",200,480,8,,,,315,0,10,
"GetBuilderBattleDestruction","GetBuilderBattleDestruction","Accumulative","Regular","TID_CLANGAMES_TASK_GET_BUILDERBATTLEDESTRUCTION","TID_CLANGAMES_TASK_INFO_GET_BUILDERBATTLEDESTRUCTION","sc/ui.sc","Builder_Get_Destruction_Icon",200,480,250,,,,315,0,10,
"UseBarbariansSmall","WinStarsUsingTroop","Accumulative","Small","TID_CLANGAMES_TASK_USE_BARBARIANS","TID_CLANGAMES_TASK_INFO_USE_BARBARIANS","sc/ui.sc","icon_unit_barbarian",100,180,2,30,"Barbarian",,12,0,10,
"UseArchersSmall","WinStarsUsingTroop","Accumulative","Small","TID_CLANGAMES_TASK_USE_ARCHERS","TID_CLANGAMES_TASK_INFO_USE_ARCHERS","sc/ui.sc","icon_unit_archer",100,180,2,30,"Archer",,12,0,10,
"UseGoblinsSmall","WinStarsUsingTroop","Accumulative","Small","TID_CLANGAMES_TASK_USE_GOBLINS","TID_CLANGAMES_TASK_INFO_USE_GOBLINS","sc/ui.sc","icon_unit_goblin",100,180,2,20,"Goblin",,12,0,10,
"UseGiantsSmall","WinStarsUsingTroop","Accumulative","Small","TID_CLANGAMES_TASK_USE_GIANTS","TID_CLANGAMES_TASK_INFO_USE_GIANTS","sc/ui.sc","icon_unit_giant",100,180,2,10,"Giant",,12,0,10,
"UseWallBreakersSmall","WinStarsUsingTroop","Accumulative","Small","TID_CLANGAMES_TASK_USE_WALLBREAKERS","TID_CLANGAMES_TASK_INFO_USE_WALLBREAKERS","sc/ui.sc","icon_unit_wallbreaker",100,180,2,6,"Wall Breaker",,12,0,10,
"UseLoonsSmall","WinStarsUsingTroop","Accumulative","Small","TID_CLANGAMES_TASK_USE_LOONS","TID_CLANGAMES_TASK_INFO_USE_LOONS","sc/ui.sc","icon_unit_balloon",100,180,2,12,"Balloon",,12,0,10,
"UseWizardsSmall","WinStarsUsingTroop","Accumulative","Small","TID_CLANGAMES_TASK_USE_WIZARDS","TID_CLANGAMES_TASK_INFO_USE_WIZARDS","sc/ui.sc","icon_unit_wizard",100,180,2,12,"Wizard",,12,0,10,
"UseHealersSmall","WinStarsUsingTroop","Accumulative","Small","TID_CLANGAMES_TASK_USE_HEALERS","TID_CLANGAMES_TASK_INFO_USE_HEALERS","sc/ui.sc","icon_unit_healer",100,180,2,3,"Healer",,12,0,10,
"UseMinionsSmall","WinStarsUsingTroop","Accumulative","Small","TID_CLANGAMES_TASK_USE_MINIONS","TID_CLANGAMES_TASK_INFO_USE_MINIONS","sc/ui.sc","icon_unit_gargoyle",100,180,2,20,"Gargoyle",,12,0,10,
"UseHogRidersSmall","WinStarsUsingTroop","Accumulative","Small","TID_CLANGAMES_TASK_USE_HOGRIDERS","TID_CLANGAMES_TASK_INFO_USE_HOGRIDERS","sc/ui.sc","icon_unit_boarRider",100,180,2,10,"Boar Rider",,12,0,10,
"UseDragonsSmall","WinStarsUsingTroop","Accumulative","Small","TID_CLANGAMES_TASK_USE_DRAGONS","TID_CLANGAMES_TASK_INFO_USE_DRAGONS","sc/ui.sc","icon_unit_dragon",100,180,2,6,"Dragon",,12,0,10,
"UsePEKKAsSmall","WinStarsUsingTroop","Accumulative","Small","TID_CLANGAMES_TASK_USE_PEKKAS","TID_CLANGAMES_TASK_INFO_USE_PEKKAS","sc/ui.sc","icon_unit_pekka",100,180,2,2,"PEKKA",,12,0,10,
"UseValkyriesSmall","WinStarsUsingTroop","Accumulative","Small","TID_CLANGAMES_TASK_USE_VALKYRIES","TID_CLANGAMES_TASK_INFO_USE_VALKYRIES","sc/ui.sc","icon_unit_warriorGirl",100,180,2,8,"Warrior Girl",,12,0,10,
"UseGolemsSmall","WinStarsUsingTroop","Accumulative","Small","TID_CLANGAMES_TASK_USE_GOLEMS","TID_CLANGAMES_TASK_INFO_USE_GOLEMS","sc/ui.sc","icon_unit_golem",100,180,2,2,"Golem",,12,0,10,
"UseWitchesSmall","WinStarsUsingTroop","Accumulative","Small","TID_CLANGAMES_TASK_USE_WITCHES","TID_CLANGAMES_TASK_INFO_USE_WITCHES","sc/ui.sc","icon_unit_witch",100,180,2,4,"Warlock",,12,0,10,
"UseLavaHoundsSmall","WinStarsUsingTroop","Accumulative","Small","TID_CLANGAMES_TASK_USE_LAVAHOUNDS","TID_CLANGAMES_TASK_INFO_USE_LAVAHOUNDS","sc/ui.sc","icon_unit_tiny",100,180,2,3,"AirDefenceSeeker",,12,0,10,
"UseBabyDragonsSmall","WinStarsUsingTroop","Accumulative","Small","TID_CLANGAMES_TASK_USE_BABYDRAGONS","TID_CLANGAMES_TASK_INFO_USE_BABYDRAGONS","sc/ui.sc","icon_unit_babydragon",100,180,2,4,"BabyDragon",,12,0,10,
"UseBowlersSmall","WinStarsUsingTroop","Accumulative","Small","TID_CLANGAMES_TASK_USE_BOWLERS","TID_CLANGAMES_TASK_INFO_USE_BOWLERS","sc/ui.sc","icon_unit_troll",100,180,2,8,"Bowler",,12,0,10,
"UseMinersSmall","WinStarsUsingTroop","Accumulative","Small","TID_CLANGAMES_TASK_USE_MINERS","TID_CLANGAMES_TASK_INFO_USE_MINERS","sc/ui.sc","icon_unit_miner",100,180,2,8,"Miner",,12,0,10,
"DestroyEagleArtillerySmall","DestroyBuilding","Accumulative","Small","TID_CLANGAMES_TASK_DESTROY_EAGLEARTILLERY","TID_CLANGAMES_TASK_INFO_DESTROY_EAGLEARTILLERY","sc/buildings.sc","doom_cannon_lvl2",100,180,1,,"Ancient Artillery",,9,0,10,
"DestroyElixirPumpsSmall","DestroyBuilding","Accumulative","Small","TID_CLANGAMES_TASK_DESTROY_ELIXIRPUMPS","TID_CLANGAMES_TASK_INFO_DESTROY_ELIXIRPUMPS","sc/buildings.sc","elixir_pump_lvl6",100,180,6,,"Elixir Pump",,9,0,10,
"DestroyGoldMinesSmall","DestroyBuilding","Accumulative","Small","TID_CLANGAMES_TASK_DESTROY_GOLDMINES","TID_CLANGAMES_TASK_INFO_DESTROY_GOLDMINES","sc/buildings.sc","goldmine_lvl6",100,180,6,,"Gold Mine",,9,0,10,
"DestroyElixirStoragesSmall","DestroyBuilding","Accumulative","Small","TID_CLANGAMES_TASK_DESTROY_ELIXIRSTORAGES","TID_CLANGAMES_TASK_INFO_DESTROY_ELIXIRSTORAGES","sc/buildings.sc","elixir_storage_level6",100,180,3,,"Elixir Storage",,9,0,10,
"DestroyGoldStoragesSmall","DestroyBuilding","Accumulative","Small","TID_CLANGAMES_TASK_DESTROY_GOLDSTORAGES","TID_CLANGAMES_TASK_INFO_DESTROY_GOLDSTORAGES","sc/buildings.sc","gold_storage_lvl6",100,180,3,,"Gold Storage",,9,0,10,
"DestroyMortarsSmall","DestroyBuilding","Accumulative","Small","TID_CLANGAMES_TASK_DESTROY_MORTARS","TID_CLANGAMES_TASK_INFO_DESTROY_MORTARS","sc/buildings.sc","mortar_lvl4",100,180,3,,"Mortar",,9,0,10,
"DestroyWizardTowersSmall","DestroyBuilding","Accumulative","Small","TID_CLANGAMES_TASK_DESTROY_WIZARDTOWERS","TID_CLANGAMES_TASK_INFO_DESTROY_WIZARDTOWERS","sc/buildings.sc","wizard_tower_lvl4",100,180,4,,"Wizard Tower",,9,0,10,
"DestroyCannonsSmall","DestroyBuilding","Accumulative","Small","TID_CLANGAMES_TASK_DESTROY_CANNONS","TID_CLANGAMES_TASK_INFO_DESTROY_CANNONS","sc/buildings.sc","basic_turret_lvl7",100,180,5,,"Cannon",,9,0,10,
"DestroyArcherTowersSmall","DestroyBuilding","Accumulative","Small","TID_CLANGAMES_TASK_DESTROY_ARCHERTOWERS","TID_CLANGAMES_TASK_INFO_DESTROY_ARCHERTOWERS","sc/buildings.sc","tower_turret_lvl3",100,180,5,,"Archer Tower",,9,0,10,
"DestroyDarkElixirPumpsSmall","DestroyBuilding","Accumulative","Small","TID_CLANGAMES_TASK_DESTROY_DARKELIXIRPUMPS","TID_CLANGAMES_TASK_INFO_DESTROY_DARKELIXIRPUMPS","sc/buildings.sc","darkelixir_pump_lvl4",100,180,2,,"Dark Elixir Pump",,9,0,10,
"DestroyDarkElixirStoragesSmall","DestroyBuilding","Accumulative","Small","TID_CLANGAMES_TASK_DESTROY_DARKELIXIRSTORAGES","TID_CLANGAMES_TASK_INFO_DESTROY_DARKELIXIRSTORAGES","sc/buildings.sc","darkelixir_storage_level3",100,180,1,,"Dark Elixir Storage",,9,0,10,
"DestroyClanCastlesSmall","DestroyBuilding","Accumulative","Small","TID_CLANGAMES_TASK_DESTROY_CLANCASTLES","TID_CLANGAMES_TASK_INFO_DESTROY_CLANCASTLES","sc/buildings.sc","alliance_castle_lvl2",100,180,1,,"Alliance Castle",,9,0,10,
"DestroyLaboratoriesSmall","DestroyBuilding","Accumulative","Small","TID_CLANGAMES_TASK_DESTROY_LABORATORIES","TID_CLANGAMES_TASK_INFO_DESTROY_LABORATORIES","sc/buildings.sc","laboratory_lvl6",100,180,1,,"Laboratory",,4,0,10,
"DestroySpellFactoriesSmall","DestroyBuilding","Accumulative","Small","TID_CLANGAMES_TASK_DESTROY_SPELLFACTORIES","TID_CLANGAMES_TASK_INFO_DESTROY_SPELLFACTORIES","sc/buildings.sc","spell_factory_lvl3",100,180,1,,"Spell Forge",,4,0,10,
"DestroyDarkSpellFactoriesSmall","DestroyBuilding","Accumulative","Small","TID_CLANGAMES_TASK_DESTROY_DARKSPELLFACTORIES","TID_CLANGAMES_TASK_INFO_DESTROY_DARKSPELLFACTORIES","sc/buildings.sc","mini_spell_distillery_lvl1",100,180,1,,"Mini Spell Factory",,4,0,10,
"DestroyAirSweepersSmall","DestroyBuilding","Accumulative","Small","TID_CLANGAMES_TASK_DESTROY_AIRSWEEPERS","TID_CLANGAMES_TASK_INFO_DESTROY_AIRSWEEPERS","sc/buildings.sc","air_mortar_lvl2",100,180,2,,"Air Blaster",,9,0,10,
"DestroyAirDefensesSmall","DestroyBuilding","Accumulative","Small","TID_CLANGAMES_TASK_DESTROY_AIRDEFENSES","TID_CLANGAMES_TASK_INFO_DESTROY_AIRDEFENSES","sc/buildings.sc","fireworks_tower_lvl6",100,180,3,,"Air Defense",,9,0,10,
"DestroyInfernoTowersSmall","DestroyBuilding","Accumulative","Small","TID_CLANGAMES_TASK_DESTROY_INFERNOTOWERS","TID_CLANGAMES_TASK_INFO_DESTROY_INFERNOTOWERS","sc/buildings.sc","dark_tower_lvl2",100,180,2,,"Dark Tower",,9,0,10,
"DestroyBombTowersSmall","DestroyBuilding","Accumulative","Small","TID_CLANGAMES_TASK_DESTROY_BOMBTOWERS","TID_CLANGAMES_TASK_INFO_DESTROY_BOMBTOWERS","sc/buildings.sc","bomb_tower_lvl1",100,180,2,,"Bomb Tower",,9,0,10,
"DestroyTeslaTowersSmall","DestroyBuilding","Accumulative","Small","TID_CLANGAMES_TASK_DESTROY_TESLATOWERS","TID_CLANGAMES_TASK_INFO_DESTROY_TESLATOWERS","sc/buildings.sc","teslatower_lvl5_setup",100,180,4,,"Tesla Tower",,9,0,10,
"DestroyXbowsSmall","DestroyBuilding","Accumulative","Small","TID_CLANGAMES_TASK_DESTROY_XBOWS","TID_CLANGAMES_TASK_INFO_DESTROY_XBOWS","sc/buildings.sc","rapidfire_turret_lvl1",100,180,3,,"Bow",,9,0,10,
"DestroyKingAltarsSmall","DestroyBuilding","Accumulative","Small","TID_CLANGAMES_TASK_DESTROY_KINGALTARS","TID_CLANGAMES_TASK_INFO_DESTROY_KINGALTARS","sc/buildings.sc","heroaltar_barbarian_king_lvl1",100,180,1,,"Hero Altar Barbarian King",,4,0,10,
"DestroyQueenAltarsSmall","DestroyBuilding","Accumulative","Small","TID_CLANGAMES_TASK_DESTROY_QUEENALTARS","TID_CLANGAMES_TASK_INFO_DESTROY_QUEENALTARS","sc/buildings.sc","heroaltar_archer_queen_lvl1",100,180,1,,"Hero Altar Archer Queen",,4,0,10,
"DestroyWardenAltarsSmall","DestroyBuilding","Accumulative","Small","TID_CLANGAMES_TASK_DESTROY_WARDENALTARS","TID_CLANGAMES_TASK_INFO_DESTROY_WARDENALTARS","sc/buildings.sc","heroaltar_elder_lvl1",100,180,1,,"Hero Altar Grand Warden",,4,0,10,
"WinBuilderBattlesIntense","WinBuilderBattles","Accumulative","Intense","TID_CLANGAMES_TASK_WIN_BUILDERBATTLES","TID_CLANGAMES_TASK_INFO_WIN_BUILDERBATTLES","sc/ui.sc","Builder_Win_Battles_Icon",350,60,5,,,,135,0,10,
"GetBuilderBattleStarsIntense","GetBuilderBattleStars","Accumulative","Intense","TID_CLANGAMES_TASK_GET_BUILDERBATTLESTARS","TID_CLANGAMES_TASK_INFO_GET_BUILDERBATTLESTARS","sc/ui.sc","Builder_Collect_Stars_Icon",350,60,10,,"Ancient Artillery",,135,0,10,
"GetBuilderBattleDestructionIntense","GetBuilderBattleDestruction","Accumulative","Intense","TID_CLANGAMES_TASK_GET_BUILDERBATTLEDESTRUCTION","TID_CLANGAMES_TASK_INFO_GET_BUILDERBATTLEDESTRUCTION","sc/ui.sc","Builder_Get_Destruction_Icon",350,60,400,,"Elixir Pump",,135,0,10,
"WinHomeBattlesIntense","WinHomeBattles","Accumulative","Intense","TID_CLANGAMES_TASK_WIN_HOMEBATTLES","TID_CLANGAMES_TASK_INFO_WIN_HOMEBATTLES","sc/ui.sc","Home_Win_Battles_Icon",400,60,3,,"Gold Mine",,36,0,10,
"DestroyEagleArtilleryIntense","DestroyBuilding","Accumulative","Intense","TID_CLANGAMES_TASK_DESTROY_EAGLEARTILLERY","TID_CLANGAMES_TASK_INFO_DESTROY_EAGLEARTILLERY","sc/buildings.sc","doom_cannon_lvl2",350,60,2,,"Ancient Artillery",,14,0,10,
"DestroyElixirPumpsIntense","DestroyBuilding","Accumulative","Intense","TID_CLANGAMES_TASK_DESTROY_ELIXIRPUMPS","TID_CLANGAMES_TASK_INFO_DESTROY_ELIXIRPUMPS","sc/buildings.sc","elixir_pump_lvl6",350,60,15,,"Elixir Pump",,14,0,10,
"DestroyGoldMinesIntense","DestroyBuilding","Accumulative","Intense","TID_CLANGAMES_TASK_DESTROY_GOLDMINES","TID_CLANGAMES_TASK_INFO_DESTROY_GOLDMINES","sc/buildings.sc","goldmine_lvl6",350,60,15,,"Gold Mine",,14,0,10,
"DestroyElixirStoragesIntense","DestroyBuilding","Accumulative","Intense","TID_CLANGAMES_TASK_DESTROY_ELIXIRSTORAGES","TID_CLANGAMES_TASK_INFO_DESTROY_ELIXIRSTORAGES","sc/buildings.sc","elixir_storage_level6",350,60,10,,"Elixir Storage",,14,0,10,
"DestroyGoldStoragesIntense","DestroyBuilding","Accumulative","Intense","TID_CLANGAMES_TASK_DESTROY_GOLDSTORAGES","TID_CLANGAMES_TASK_INFO_DESTROY_GOLDSTORAGES","sc/buildings.sc","gold_storage_lvl6",350,60,10,,"Gold Storage",,14,0,10,
"DestroyMortarsIntense","DestroyBuilding","Accumulative","Intense","TID_CLANGAMES_TASK_DESTROY_MORTARS","TID_CLANGAMES_TASK_INFO_DESTROY_MORTARS","sc/buildings.sc","mortar_lvl4",350,60,8,,"Mortar",,14,0,10,
"DestroyWizardTowersIntense","DestroyBuilding","Accumulative","Intense","TID_CLANGAMES_TASK_DESTROY_WIZARDTOWERS","TID_CLANGAMES_TASK_INFO_DESTROY_WIZARDTOWERS","sc/buildings.sc","wizard_tower_lvl4",350,60,10,,"Wizard Tower",,14,0,10,
"DestroyCannonsIntense","DestroyBuilding","Accumulative","Intense","TID_CLANGAMES_TASK_DESTROY_CANNONS","TID_CLANGAMES_TASK_INFO_DESTROY_CANNONS","sc/buildings.sc","basic_turret_lvl7",350,60,15,,"Cannon",,14,0,10,
"DestroyArcherTowersIntense","DestroyBuilding","Accumulative","Intense","TID_CLANGAMES_TASK_DESTROY_ARCHERTOWERS","TID_CLANGAMES_TASK_INFO_DESTROY_ARCHERTOWERS","sc/buildings.sc","tower_turret_lvl3",350,60,15,,"Archer Tower",,14,0,10,
"DestroyDarkElixirPumpsIntense","DestroyBuilding","Accumulative","Intense","TID_CLANGAMES_TASK_DESTROY_DARKELIXIRPUMPS","TID_CLANGAMES_TASK_INFO_DESTROY_DARKELIXIRPUMPS","sc/buildings.sc","darkelixir_pump_lvl4",350,60,6,,"Dark Elixir Pump",,14,0,10,
"DestroyDarkElixirStoragesIntense","DestroyBuilding","Accumulative","Intense","TID_CLANGAMES_TASK_DESTROY_DARKELIXIRSTORAGES","TID_CLANGAMES_TASK_INFO_DESTROY_DARKELIXIRSTORAGES","sc/buildings.sc","darkelixir_storage_level3",350,60,2,,"Dark Elixir Storage",,14,0,10,
"DestroyClanCastlesIntense","DestroyBuilding","Accumulative","Intense","TID_CLANGAMES_TASK_DESTROY_CLANCASTLES","TID_CLANGAMES_TASK_INFO_DESTROY_CLANCASTLES","sc/buildings.sc","alliance_castle_lvl2",350,60,2,,"Alliance Castle",,14,0,10,
"DestroyLaboratoriesIntense","DestroyBuilding","Accumulative","Intense","TID_CLANGAMES_TASK_DESTROY_LABORATORIES","TID_CLANGAMES_TASK_INFO_DESTROY_LABORATORIES","sc/buildings.sc","laboratory_lvl6",200,60,4,,"Laboratory",,5,0,10,
"DestroySpellFactoriesIntense","DestroyBuilding","Accumulative","Intense","TID_CLANGAMES_TASK_DESTROY_SPELLFACTORIES","TID_CLANGAMES_TASK_INFO_DESTROY_SPELLFACTORIES","sc/buildings.sc","spell_factory_lvl3",200,60,4,,"Spell Forge",,5,0,10,
"DestroyDarkSpellFactoriesIntense","DestroyBuilding","Accumulative","Intense","TID_CLANGAMES_TASK_DESTROY_DARKSPELLFACTORIES","TID_CLANGAMES_TASK_INFO_DESTROY_DARKSPELLFACTORIES","sc/buildings.sc","mini_spell_distillery_lvl1",200,60,4,,"Mini Spell Factory",,5,0,10,
"DestroyAirSweepersIntense","DestroyBuilding","Accumulative","Intense","TID_CLANGAMES_TASK_DESTROY_AIRSWEEPERS","TID_CLANGAMES_TASK_INFO_DESTROY_AIRSWEEPERS","sc/buildings.sc","air_mortar_lvl2",350,60,4,,"Air Blaster",,14,0,10,
"DestroyAirDefensesIntense","DestroyBuilding","Accumulative","Intense","TID_CLANGAMES_TASK_DESTROY_AIRDEFENSES","TID_CLANGAMES_TASK_INFO_DESTROY_AIRDEFENSES","sc/buildings.sc","fireworks_tower_lvl6",350,60,8,,"Air Defense",,14,0,10,
"DestroyInfernoTowersIntense","DestroyBuilding","Accumulative","Intense","TID_CLANGAMES_TASK_DESTROY_INFERNOTOWERS","TID_CLANGAMES_TASK_INFO_DESTROY_INFERNOTOWERS","sc/buildings.sc","dark_tower_lvl2",400,60,4,,"Dark Tower",,14,0,10,
"DestroyBombTowersIntense","DestroyBuilding","Accumulative","Intense","TID_CLANGAMES_TASK_DESTROY_BOMBTOWERS","TID_CLANGAMES_TASK_INFO_DESTROY_BOMBTOWERS","sc/buildings.sc","bomb_tower_lvl1",400,60,4,,"Bomb Tower",,14,0,10,
"DestroyTeslaTowersIntense","DestroyBuilding","Accumulative","Intense","TID_CLANGAMES_TASK_DESTROY_TESLATOWERS","TID_CLANGAMES_TASK_INFO_DESTROY_TESLATOWERS","sc/buildings.sc","teslatower_lvl5_setup",400,60,8,,"Tesla Tower",,14,0,10,
"DestroyXbowsIntense","DestroyBuilding","Accumulative","Intense","TID_CLANGAMES_TASK_DESTROY_XBOWS","TID_CLANGAMES_TASK_INFO_DESTROY_XBOWS","sc/buildings.sc","rapidfire_turret_lvl1",400,60,8,,"Bow",,14,0,10,
"DestroyKingAltarsIntense","DestroyBuilding","Accumulative","Intense","TID_CLANGAMES_TASK_DESTROY_KINGALTARS","TID_CLANGAMES_TASK_INFO_DESTROY_KINGALTARS","sc/buildings.sc","heroaltar_barbarian_king_lvl1",150,60,3,,"Hero Altar Barbarian King",,5,0,10,
"DestroyQueenAltarsIntense","DestroyBuilding","Accumulative","Intense","TID_CLANGAMES_TASK_DESTROY_QUEENALTARS","TID_CLANGAMES_TASK_INFO_DESTROY_QUEENALTARS","sc/buildings.sc","heroaltar_archer_queen_lvl1",150,60,3,,"Hero Altar Archer Queen",,5,0,10,
"DestroyWardenAltarsIntense","DestroyBuilding","Accumulative","Intense","TID_CLANGAMES_TASK_DESTROY_WARDENALTARS","TID_CLANGAMES_TASK_INFO_DESTROY_WARDENALTARS","sc/buildings.sc","heroaltar_elder_lvl1",150,60,3,,"Hero Altar Grand Warden",,5,0,10,
"LootGoldIntense","LootResources","Accumulative","Intense","TID_CLANGAMES_TASK_LOOT_GOLD","TID_CLANGAMES_TASK_INFO_LOOT_GOLD","sc/ui.sc","Home_Loot_Gold",350,60,500000,,"Gold",,45,0,10,
"LootElixirIntense","LootResources","Accumulative","Intense","TID_CLANGAMES_TASK_LOOT_ELIXIR","TID_CLANGAMES_TASK_INFO_LOOT_ELIXIR","sc/ui.sc","Home_Loot_Elixir",350,60,500000,,"Elixir",,45,0,10,
"LootDarkElixirIntense","LootResources","Accumulative","Intense","TID_CLANGAMES_TASK_LOOT_DARKELIXIR","TID_CLANGAMES_TASK_INFO_LOOT_DARKELIXIR","sc/ui.sc","Home_Loot_DarkElixir",350,60,5000,,"DarkElixir",,30,0,10,
"WinHomeBattlesInRowIntense","WinHomeBattles","Consecutive","Intense","TID_CLANGAMES_TASK_WIN_HOMEBATTLESINROW","TID_CLANGAMES_TASK_INFO_WIN_HOMEBATTLESINROW","sc/ui.sc","Home_Win_Battles_Icon",500,60,3,,"Bow",,24,0,10,
"WinHomeBattlesInRowEpic","WinHomeBattles","Consecutive","Epic","TID_CLANGAMES_TASK_WIN_HOMEBATTLESINROW","TID_CLANGAMES_TASK_INFO_WIN_HOMEBATTLESINROW","sc/ui.sc","Home_Win_Battles_Icon",600,1440,5,,,,24,0,10,
"DestroyEagleArtilleryEpic","DestroyBuilding","Accumulative","Epic","TID_CLANGAMES_TASK_DESTROY_EAGLEARTILLERY","TID_CLANGAMES_TASK_INFO_DESTROY_EAGLEARTILLERY","sc/buildings.sc","doom_cannon_lvl2",600,1440,5,,"Ancient Artillery",,14,0,10,
"DestroyInfernoTowersEpic","DestroyBuilding","Accumulative","Epic","TID_CLANGAMES_TASK_DESTROY_INFERNOTOWERS","TID_CLANGAMES_TASK_INFO_DESTROY_INFERNOTOWERS","sc/buildings.sc","dark_tower_lvl2",600,1440,9,,"Dark Tower",,14,0,10,
"GetHomeBattleStarsEpic","GetHomeBattleStars","Accumulative","Epic","TID_CLANGAMES_TASK_GET_HOMEBATTLESTARS","TID_CLANGAMES_TASK_INFO_GET_HOMEBATTLESTARS","sc/ui.sc","Home_Collect_Stars_Icon",600,1440,12,,,,90,0,10,
"WinHomeBattlesEpic","WinHomeBattles","Accumulative","Epic","TID_CLANGAMES_TASK_WIN_HOMEBATTLES","TID_CLANGAMES_TASK_INFO_WIN_HOMEBATTLES","sc/ui.sc","Home_Win_Battles_Icon",600,1440,6,,,,36,0,10,
"GetBuilderBattleStarsEpic","GetBuilderBattleStars","Accumulative","Epic","TID_CLANGAMES_TASK_GET_BUILDERBATTLESTARS","TID_CLANGAMES_TASK_INFO_GET_BUILDERBATTLESTARS","sc/ui.sc","Builder_Collect_Stars_Icon",600,1440,20,,,,135,0,10,
"LootGoldEpic","LootResources","Accumulative","Epic","TID_CLANGAMES_TASK_LOOT_GOLD","TID_CLANGAMES_TASK_INFO_LOOT_GOLD","sc/ui.sc","Home_Loot_Gold",600,1440,1250000,,"Gold",,45,0,10,
"LootElixirEpic","LootResources","Accumulative","Epic","TID_CLANGAMES_TASK_LOOT_ELIXIR","TID_CLANGAMES_TASK_INFO_LOOT_ELIXIR","sc/ui.sc","Home_Loot_Elixir",600,1440,1250000,,"Elixir",,45,0,10,
"LootDarkElixirEpic","LootResources","Accumulative","Epic","TID_CLANGAMES_TASK_LOOT_DARKELIXIR","TID_CLANGAMES_TASK_INFO_LOOT_DARKELIXIR","sc/ui.sc","Home_Loot_DarkElixir",600,1440,12500,,"DarkElixir",,30,0,10,
"GetHomeBattleDestructionEpic","GetHomeBattleDestruction","Accumulative","Epic","TID_CLANGAMES_TASK_GET_HOMEBATTLEDESTRUCTION","TID_CLANGAMES_TASK_INFO_GET_HOMEBATTLEDESTRUCTION","sc/ui.sc","Home_Get_Desturction_Icon",600,1440,400,,,,90,0,10,
"GetBuilderBattleDestructionEpic","GetBuilderBattleDestruction","Accumulative","Epic","TID_CLANGAMES_TASK_GET_BUILDERBATTLEDESTRUCTION","TID_CLANGAMES_TASK_INFO_GET_BUILDERBATTLEDESTRUCTION","sc/ui.sc","Builder_Get_Destruction_Icon",600,1440,800,,,,135,0,10,
"DestroyTownHall2","DestroyBuilding","Accumulative","Regular","TID_CLANGAMES_TASK_DESTROY_BB_BUILDERHALL","TID_CLANGAMES_TASK_INFO_DESTROY_BB_BUILDERHALL","sc/buildings2.sc","new_TH_lvl3",200,480,3,,"Town Hall2",,47,0,10,
"DestroyAirDefenseMini","DestroyBuilding","Accumulative","Regular","TID_CLANGAMES_TASK_DESTROY_BB_FIRECRACKERS","TID_CLANGAMES_TASK_INFO_DESTROY_BB_FIRECRACKERS","sc/buildings2.sc","airDefence_box_lvl4",200,480,8,,"Air Defense Mini",,47,0,10,
"DestroyAirDefense2","DestroyBuilding","Accumulative","Regular","TID_CLANGAMES_TASK_DESTROY_BB_AIRBOMBS","TID_CLANGAMES_TASK_INFO_DESTROY_BB_AIRBOMBS","sc/buildings2.sc","airDefence_factory_lvl4",200,480,3,,"Air Defense2",,47,0,10,
"DestroyClockTower","DestroyBuilding","Accumulative","Regular","TID_CLANGAMES_TASK_DESTROY_BB_CLOCKTOWER","TID_CLANGAMES_TASK_INFO_DESTROY_BB_CLOCKTOWER","sc/buildings2.sc","clocktower_lvl2",200,480,3,,"Clock Tower",,47,0,10,
"DestroyCrusher","DestroyBuilding","Accumulative","Regular","TID_CLANGAMES_TASK_DESTROY_BB_CRUSHER","TID_CLANGAMES_TASK_INFO_DESTROY_BB_CRUSHER","sc/buildings2.sc","Crusher_lvl2",200,480,6,,"Crusher",,47,0,10,
"DestroyDoubleCannon","DestroyBuilding","Accumulative","Regular","TID_CLANGAMES_TASK_DESTROY_BB_DOUBLECANNON","TID_CLANGAMES_TASK_INFO_DESTROY_BB_DOUBLECANNON","sc/buildings2.sc","doubleCannon_lvl2",200,480,9,,"Double Cannon",,47,0,10,
"DestroyFlamer","DestroyBuilding","Accumulative","Regular","TID_CLANGAMES_TASK_DESTROY_BB_ROASTER","TID_CLANGAMES_TASK_INFO_DESTROY_BB_ROASTER","sc/buildings2.sc","Flamer_lvl2",200,480,3,,"Flamer",,47,0,10,
"DestroyGemMine","DestroyBuilding","Accumulative","Regular","TID_CLANGAMES_TASK_DESTROY_BB_GEMMINE","TID_CLANGAMES_TASK_INFO_DESTROY_BB_GEMMINE","sc/buildings2.sc","gem_mine_lvl2",200,480,3,,"Gem Mine",,47,0,10,
"DestroyGiantCannon","DestroyBuilding","Accumulative","Regular","TID_CLANGAMES_TASK_DESTROY_BB_GIANTCANNON","TID_CLANGAMES_TASK_INFO_DESTROY_BB_GIANTCANNON","sc/buildings2.sc","megaCannon_lvl4",200,480,3,,"Giant Cannon",,47,0,10,
"DestroyGuardPost","DestroyBuilding","Accumulative","Regular","TID_CLANGAMES_TASK_DESTROY_BB_GUARDPOST","TID_CLANGAMES_TASK_INFO_DESTROY_BB_GUARDPOST","sc/buildings2.sc","GuardPost_lvl4",200,480,3,,"Guard Post",,47,0,10,
"DestroyLaboratory2","DestroyBuilding","Accumulative","Regular","TID_CLANGAMES_TASK_DESTROY_BB_STARLABORATORY","TID_CLANGAMES_TASK_INFO_DESTROY_BB_STARLABORATORY","sc/buildings2.sc","Telescope_lvl5",200,480,3,,"Laboratory2",,47,0,10,
"DestroyMultiMortar","DestroyBuilding","Accumulative","Regular","TID_CLANGAMES_TASK_DESTROY_BB_MULTIMORTAR","TID_CLANGAMES_TASK_INFO_DESTROY_BB_MULTIMORTAR","sc/buildings2.sc","multi_mortar_lvl4",200,480,3,,"Multi Mortar",,47,0,10,
"DestroyTownHall2Small","DestroyBuilding","Accumulative","Small","TID_CLANGAMES_TASK_DESTROY_BB_BUILDERHALL","TID_CLANGAMES_TASK_INFO_DESTROY_BB_BUILDERHALL","sc/buildings2.sc","new_TH_lvl3",80,180,1,,"Town Hall2",,14,0,10,
"DestroyAirDefenseMiniSmall","DestroyBuilding","Accumulative","Small","TID_CLANGAMES_TASK_DESTROY_BB_FIRECRACKERS","TID_CLANGAMES_TASK_INFO_DESTROY_BB_FIRECRACKERS","sc/buildings2.sc","airDefence_box_lvl4",80,180,2,,"Air Defense Mini",,14,0,10,
"DestroyAirDefense2Small","DestroyBuilding","Accumulative","Small","TID_CLANGAMES_TASK_DESTROY_BB_AIRBOMBS","TID_CLANGAMES_TASK_INFO_DESTROY_BB_AIRBOMBS","sc/buildings2.sc","airDefence_factory_lvl4",80,180,1,,"Air Defense2",,14,0,10,
"DestroyClockTowerSmall","DestroyBuilding","Accumulative","Small","TID_CLANGAMES_TASK_DESTROY_BB_CLOCKTOWER","TID_CLANGAMES_TASK_INFO_DESTROY_BB_CLOCKTOWER","sc/buildings2.sc","clocktower_lvl2",80,180,1,,"Clock Tower",,14,0,10,
"DestroyCrusherSmall","DestroyBuilding","Accumulative","Small","TID_CLANGAMES_TASK_DESTROY_BB_CRUSHER","TID_CLANGAMES_TASK_INFO_DESTROY_BB_CRUSHER","sc/buildings2.sc","Crusher_lvl2",80,180,2,,"Crusher",,14,0,10,
"DestroyDoubleCannonSmall","DestroyBuilding","Accumulative","Small","TID_CLANGAMES_TASK_DESTROY_BB_DOUBLECANNON","TID_CLANGAMES_TASK_INFO_DESTROY_BB_DOUBLECANNON","sc/buildings2.sc","doubleCannon_lvl2",80,180,2,,"Double Cannon",,14,0,10,
"DestroyFlamerSmall","DestroyBuilding","Accumulative","Small","TID_CLANGAMES_TASK_DESTROY_BB_ROASTER","TID_CLANGAMES_TASK_INFO_DESTROY_BB_ROASTER","sc/buildings2.sc","Flamer_lvl2",80,180,1,,"Flamer",,14,0,10,
"DestroyGemMineSmall","DestroyBuilding","Accumulative","Small","TID_CLANGAMES_TASK_DESTROY_BB_GEMMINE","TID_CLANGAMES_TASK_INFO_DESTROY_BB_GEMMINE","sc/buildings2.sc","gem_mine_lvl2",80,180,1,,"Gem Mine",,14,0,10,
"DestroyGiantCannonSmall","DestroyBuilding","Accumulative","Small","TID_CLANGAMES_TASK_DESTROY_BB_GIANTCANNON","TID_CLANGAMES_TASK_INFO_DESTROY_BB_GIANTCANNON","sc/buildings2.sc","megaCannon_lvl4",80,180,1,,"Giant Cannon",,14,0,10,
"DestroyGuardPostSmall","DestroyBuilding","Accumulative","Small","TID_CLANGAMES_TASK_DESTROY_BB_GUARDPOST","TID_CLANGAMES_TASK_INFO_DESTROY_BB_GUARDPOST","sc/buildings2.sc","GuardPost_lvl4",80,180,1,,"Guard Post",,14,0,10,
"DestroyLaboratory2Small","DestroyBuilding","Accumulative","Small","TID_CLANGAMES_TASK_DESTROY_BB_STARLABORATORY","TID_CLANGAMES_TASK_INFO_DESTROY_BB_STARLABORATORY","sc/buildings2.sc","Telescope_lvl5",80,180,1,,"Laboratory2",,14,0,10,
"DestroyMultiMortarSmall","DestroyBuilding","Accumulative","Small","TID_CLANGAMES_TASK_DESTROY_BB_MULTIMORTAR","TID_CLANGAMES_TASK_INFO_DESTROY_BB_MULTIMORTAR","sc/buildings2.sc","multi_mortar_lvl4",80,180,1,,"Multi Mortar",,14,0,10,
"DestroyTownHall2Intense","DestroyBuilding","Accumulative","Intense","TID_CLANGAMES_TASK_DESTROY_BB_BUILDERHALL","TID_CLANGAMES_TASK_INFO_DESTROY_BB_BUILDERHALL","sc/buildings2.sc","new_TH_lvl3",350,60,5,,"Town Hall2",,20,0,10,
"DestroyAirDefenseMiniIntense","DestroyBuilding","Accumulative","Intense","TID_CLANGAMES_TASK_DESTROY_BB_FIRECRACKERS","TID_CLANGAMES_TASK_INFO_DESTROY_BB_FIRECRACKERS","sc/buildings2.sc","airDefence_box_lvl4",350,60,10,,"Air Defense Mini",,20,0,10,
"DestroyAirDefense2Intense","DestroyBuilding","Accumulative","Intense","TID_CLANGAMES_TASK_DESTROY_BB_AIRBOMBS","TID_CLANGAMES_TASK_INFO_DESTROY_BB_AIRBOMBS","sc/buildings2.sc","airDefence_factory_lvl4",350,60,5,,"Air Defense2",,20,0,10,
"DestroyClockTowerIntense","DestroyBuilding","Accumulative","Intense","TID_CLANGAMES_TASK_DESTROY_BB_CLOCKTOWER","TID_CLANGAMES_TASK_INFO_DESTROY_BB_CLOCKTOWER","sc/buildings2.sc","clocktower_lvl2",350,60,5,,"Clock Tower",,20,0,10,
"DestroyCrusherIntense","DestroyBuilding","Accumulative","Intense","TID_CLANGAMES_TASK_DESTROY_BB_CRUSHER","TID_CLANGAMES_TASK_INFO_DESTROY_BB_CRUSHER","sc/buildings2.sc","Crusher_lvl2",350,60,10,,"Crusher",,20,0,10,
"DestroyDoubleCannonIntense","DestroyBuilding","Accumulative","Intense","TID_CLANGAMES_TASK_DESTROY_BB_DOUBLECANNON","TID_CLANGAMES_TASK_INFO_DESTROY_BB_DOUBLECANNON","sc/buildings2.sc","doubleCannon_lvl2",350,60,12,,"Double Cannon",,20,0,10,
"DestroyFlamerIntense","DestroyBuilding","Accumulative","Intense","TID_CLANGAMES_TASK_DESTROY_BB_ROASTER","TID_CLANGAMES_TASK_INFO_DESTROY_BB_ROASTER","sc/buildings2.sc","Flamer_lvl2",350,60,5,,"Flamer",,20,0,10,
"DestroyGemMineIntense","DestroyBuilding","Accumulative","Intense","TID_CLANGAMES_TASK_DESTROY_BB_GEMMINE","TID_CLANGAMES_TASK_INFO_DESTROY_BB_GEMMINE","sc/buildings2.sc","gem_mine_lvl2",350,60,5,,"Gem Mine",,20,0,10,
"DestroyGiantCannonIntense","DestroyBuilding","Accumulative","Intense","TID_CLANGAMES_TASK_DESTROY_BB_GIANTCANNON","TID_CLANGAMES_TASK_INFO_DESTROY_BB_GIANTCANNON","sc/buildings2.sc","megaCannon_lvl4",350,60,5,,"Giant Cannon",,20,0,10,
"DestroyGuardPostIntense","DestroyBuilding","Accumulative","Intense","TID_CLANGAMES_TASK_DESTROY_BB_GUARDPOST","TID_CLANGAMES_TASK_INFO_DESTROY_BB_GUARDPOST","sc/buildings2.sc","GuardPost_lvl4",350,60,5,,"Guard Post",,20,0,10,
"DestroyLaboratory2Intense","DestroyBuilding","Accumulative","Intense","TID_CLANGAMES_TASK_DESTROY_BB_STARLABORATORY","TID_CLANGAMES_TASK_INFO_DESTROY_BB_STARLABORATORY","sc/buildings2.sc","Telescope_lvl5",350,60,5,,"Laboratory2",,20,0,10,
"DestroyMultiMortarIntense","DestroyBuilding","Accumulative","Intense","TID_CLANGAMES_TASK_DESTROY_BB_MULTIMORTAR","TID_CLANGAMES_TASK_INFO_DESTROY_BB_MULTIMORTAR","sc/buildings2.sc","multi_mortar_lvl4",350,60,5,,"Multi Mortar",,20,0,10,
"WinHomeBattlesInRowMarathon","WinHomeBattles","Consecutive","Marathon","TID_CLANGAMES_TASK_WIN_HOMEBATTLESINROW","TID_CLANGAMES_TASK_INFO_WIN_HOMEBATTLESINROW","sc/ui.sc","Home_Win_Battles_Icon",1000,2880,6,,,,24,0,10,
"DestroyEagleArtilleryMarathon","DestroyBuilding","Accumulative","Marathon","TID_CLANGAMES_TASK_DESTROY_EAGLEARTILLERY","TID_CLANGAMES_TASK_INFO_DESTROY_EAGLEARTILLERY","sc/buildings.sc","doom_cannon_lvl2",1000,2880,7,,"Ancient Artillery",,14,0,10,
"DestroyInfernoTowersMarathon","DestroyBuilding","Accumulative","Marathon","TID_CLANGAMES_TASK_DESTROY_INFERNOTOWERS","TID_CLANGAMES_TASK_INFO_DESTROY_INFERNOTOWERS","sc/buildings.sc","dark_tower_lvl2",1000,2880,12,,"Dark Tower",,14,0,10,
"GetHomeBattleStarsMarathon","GetHomeBattleStars","Accumulative","Marathon","TID_CLANGAMES_TASK_GET_HOMEBATTLESTARS","TID_CLANGAMES_TASK_INFO_GET_HOMEBATTLESTARS","sc/ui.sc","Home_Collect_Stars_Icon",1000,2880,18,,,,90,0,10,
"WinHomeBattlesMarathon","WinHomeBattles","Accumulative","Marathon","TID_CLANGAMES_TASK_WIN_HOMEBATTLES","TID_CLANGAMES_TASK_INFO_WIN_HOMEBATTLES","sc/ui.sc","Home_Win_Battles_Icon",1000,2880,8,,,,36,0,10,
"GetBuilderBattleStarsMarathon","GetBuilderBattleStars","Accumulative","Marathon","TID_CLANGAMES_TASK_GET_BUILDERBATTLESTARS","TID_CLANGAMES_TASK_INFO_GET_BUILDERBATTLESTARS","sc/ui.sc","Builder_Collect_Stars_Icon",1000,2880,24,,,,135,0,10,
"LootGoldMarathon","LootResources","Accumulative","Marathon","TID_CLANGAMES_TASK_LOOT_GOLD","TID_CLANGAMES_TASK_INFO_LOOT_GOLD","sc/ui.sc","Home_Loot_Gold",1000,2880,1500000,,"Gold",,45,0,10,
"LootElixirMarathon","LootResources","Accumulative","Marathon","TID_CLANGAMES_TASK_LOOT_ELIXIR","TID_CLANGAMES_TASK_INFO_LOOT_ELIXIR","sc/ui.sc","Home_Loot_Elixir",1000,2880,1500000,,"Elixir",,45,0,10,
"LootDarkElixirMarathon","LootResources","Accumulative","Marathon","TID_CLANGAMES_TASK_LOOT_DARKELIXIR","TID_CLANGAMES_TASK_INFO_LOOT_DARKELIXIR","sc/ui.sc","Home_Loot_DarkElixir",1000,2880,15000,,"DarkElixir",,30,0,10,
"GetHomeBattleDestructionMarathon","GetHomeBattleDestruction","Accumulative","Marathon","TID_CLANGAMES_TASK_GET_HOMEBATTLEDESTRUCTION","TID_CLANGAMES_TASK_INFO_GET_HOMEBATTLEDESTRUCTION","sc/ui.sc","Home_Get_Desturction_Icon",1000,2880,500,,,,90,0,10,
"GetBuilderBattleDestructionMarathon","GetBuilderBattleDestruction","Accumulative","Marathon","TID_CLANGAMES_TASK_GET_BUILDERBATTLEDESTRUCTION","TID_CLANGAMES_TASK_INFO_GET_BUILDERBATTLEDESTRUCTION","sc/ui.sc","Builder_Get_Destruction_Icon",1000,2880,1000,,,,135,0,10,
"WinBuilderBattlesRush","WinBuilderBattles","Accumulative","Rush","TID_CLANGAMES_TASK_WIN_BUILDERBATTLES","TID_CLANGAMES_TASK_INFO_WIN_BUILDERBATTLES","sc/ui.sc","Builder_Win_Battles_Icon",600,60,8,,,,135,0,10,
"GetBuilderBattleStarsRush","GetBuilderBattleStars","Accumulative","Rush","TID_CLANGAMES_TASK_GET_BUILDERBATTLESTARS","TID_CLANGAMES_TASK_INFO_GET_BUILDERBATTLESTARS","sc/ui.sc","Builder_Collect_Stars_Icon",600,60,18,,,,135,0,10,
"GetBuilderBattleDestructionRush","GetBuilderBattleDestruction","Accumulative","Rush","TID_CLANGAMES_TASK_GET_BUILDERBATTLEDESTRUCTION","TID_CLANGAMES_TASK_INFO_GET_BUILDERBATTLEDESTRUCTION","sc/ui.sc","Builder_Get_Destruction_Icon",600,60,600,,,,135,0,10,
"WinHomeBattlesRush","WinHomeBattles","Accumulative","Rush","TID_CLANGAMES_TASK_WIN_HOMEBATTLES","TID_CLANGAMES_TASK_INFO_WIN_HOMEBATTLES","sc/ui.sc","Home_Win_Battles_Icon",600,60,5,,,,36,0,10,
"DestroyEagleArtilleryRush","DestroyBuilding","Accumulative","Rush","TID_CLANGAMES_TASK_DESTROY_EAGLEARTILLERY","TID_CLANGAMES_TASK_INFO_DESTROY_EAGLEARTILLERY","sc/buildings.sc","doom_cannon_lvl2",600,60,3,,"Ancient Artillery",,14,0,10,
"DestroyElixirPumpsRush","DestroyBuilding","Accumulative","Rush","TID_CLANGAMES_TASK_DESTROY_ELIXIRPUMPS","TID_CLANGAMES_TASK_INFO_DESTROY_ELIXIRPUMPS","sc/buildings.sc","elixir_pump_lvl6",600,60,20,,"Elixir Pump",,14,0,10,
"DestroyGoldMinesRush","DestroyBuilding","Accumulative","Rush","TID_CLANGAMES_TASK_DESTROY_GOLDMINES","TID_CLANGAMES_TASK_INFO_DESTROY_GOLDMINES","sc/buildings.sc","goldmine_lvl6",600,60,20,,"Gold Mine",,14,0,10,
"DestroyElixirStoragesRush","DestroyBuilding","Accumulative","Rush","TID_CLANGAMES_TASK_DESTROY_ELIXIRSTORAGES","TID_CLANGAMES_TASK_INFO_DESTROY_ELIXIRSTORAGES","sc/buildings.sc","elixir_storage_level6",600,60,15,,"Elixir Storage",,14,0,10,
"DestroyGoldStoragesRush","DestroyBuilding","Accumulative","Rush","TID_CLANGAMES_TASK_DESTROY_GOLDSTORAGES","TID_CLANGAMES_TASK_INFO_DESTROY_GOLDSTORAGES","sc/buildings.sc","gold_storage_lvl6",600,60,15,,"Gold Storage",,14,0,10,
"DestroyMortarsRush","DestroyBuilding","Accumulative","Rush","TID_CLANGAMES_TASK_DESTROY_MORTARS","TID_CLANGAMES_TASK_INFO_DESTROY_MORTARS","sc/buildings.sc","mortar_lvl4",600,60,12,,"Mortar",,14,0,10,
"DestroyWizardTowersRush","DestroyBuilding","Accumulative","Rush","TID_CLANGAMES_TASK_DESTROY_WIZARDTOWERS","TID_CLANGAMES_TASK_INFO_DESTROY_WIZARDTOWERS","sc/buildings.sc","wizard_tower_lvl4",600,60,12,,"Wizard Tower",,14,0,10,
"DestroyCannonsRush","DestroyBuilding","Accumulative","Rush","TID_CLANGAMES_TASK_DESTROY_CANNONS","TID_CLANGAMES_TASK_INFO_DESTROY_CANNONS","sc/buildings.sc","basic_turret_lvl7",600,60,20,,"Cannon",,14,0,10,
"DestroyArcherTowersRush","DestroyBuilding","Accumulative","Rush","TID_CLANGAMES_TASK_DESTROY_ARCHERTOWERS","TID_CLANGAMES_TASK_INFO_DESTROY_ARCHERTOWERS","sc/buildings.sc","tower_turret_lvl3",600,60,20,,"Archer Tower",,14,0,10,
"DestroyDarkElixirPumpsRush","DestroyBuilding","Accumulative","Rush","TID_CLANGAMES_TASK_DESTROY_DARKELIXIRPUMPS","TID_CLANGAMES_TASK_INFO_DESTROY_DARKELIXIRPUMPS","sc/buildings.sc","darkelixir_pump_lvl4",600,60,10,,"Dark Elixir Pump",,14,0,10,
"DestroyDarkElixirStoragesRush","DestroyBuilding","Accumulative","Rush","TID_CLANGAMES_TASK_DESTROY_DARKELIXIRSTORAGES","TID_CLANGAMES_TASK_INFO_DESTROY_DARKELIXIRSTORAGES","sc/buildings.sc","darkelixir_storage_level3",600,60,3,,"Dark Elixir Storage",,14,0,10,
"DestroyClanCastlesRush","DestroyBuilding","Accumulative","Rush","TID_CLANGAMES_TASK_DESTROY_CLANCASTLES","TID_CLANGAMES_TASK_INFO_DESTROY_CLANCASTLES","sc/buildings.sc","alliance_castle_lvl2",600,60,3,,"Alliance Castle",,14,0,10,
"DestroyLaboratoriesRush","DestroyBuilding","Accumulative","Rush","TID_CLANGAMES_TASK_DESTROY_LABORATORIES","TID_CLANGAMES_TASK_INFO_DESTROY_LABORATORIES","sc/buildings.sc","laboratory_lvl6",600,60,5,,"Laboratory",,14,0,10,
"DestroySpellFactoriesRush","DestroyBuilding","Accumulative","Rush","TID_CLANGAMES_TASK_DESTROY_SPELLFACTORIES","TID_CLANGAMES_TASK_INFO_DESTROY_SPELLFACTORIES","sc/buildings.sc","spell_factory_lvl3",600,60,5,,"Spell Forge",,14,0,10,
"DestroyDarkSpellFactoriesRush","DestroyBuilding","Accumulative","Rush","TID_CLANGAMES_TASK_DESTROY_DARKSPELLFACTORIES","TID_CLANGAMES_TASK_INFO_DESTROY_DARKSPELLFACTORIES","sc/buildings.sc","mini_spell_distillery_lvl1",400,60,5,,"Mini Spell Factory",,14,0,10,
"DestroyAirSweepersRush","DestroyBuilding","Accumulative","Rush","TID_CLANGAMES_TASK_DESTROY_AIRSWEEPERS","TID_CLANGAMES_TASK_INFO_DESTROY_AIRSWEEPERS","sc/buildings.sc","air_mortar_lvl2",600,60,6,,"Air Blaster",,14,0,10,
"DestroyAirDefensesRush","DestroyBuilding","Accumulative","Rush","TID_CLANGAMES_TASK_DESTROY_AIRDEFENSES","TID_CLANGAMES_TASK_INFO_DESTROY_AIRDEFENSES","sc/buildings.sc","fireworks_tower_lvl6",600,60,12,,"Air Defense",,14,0,10,
"DestroyInfernoTowersRush","DestroyBuilding","Accumulative","Rush","TID_CLANGAMES_TASK_DESTROY_INFERNOTOWERS","TID_CLANGAMES_TASK_INFO_DESTROY_INFERNOTOWERS","sc/buildings.sc","dark_tower_lvl2",600,60,6,,"Dark Tower",,14,0,10,
"DestroyBombTowersRush","DestroyBuilding","Accumulative","Rush","TID_CLANGAMES_TASK_DESTROY_BOMBTOWERS","TID_CLANGAMES_TASK_INFO_DESTROY_BOMBTOWERS","sc/buildings.sc","bomb_tower_lvl1",600,60,6,,"Bomb Tower",,14,0,10,
"DestroyTeslaTowersRush","DestroyBuilding","Accumulative","Rush","TID_CLANGAMES_TASK_DESTROY_TESLATOWERS","TID_CLANGAMES_TASK_INFO_DESTROY_TESLATOWERS","sc/buildings.sc","teslatower_lvl5_setup",600,60,12,,"Tesla Tower",,14,0,10,
"DestroyXbowsRush","DestroyBuilding","Accumulative","Rush","TID_CLANGAMES_TASK_DESTROY_XBOWS","TID_CLANGAMES_TASK_INFO_DESTROY_XBOWS","sc/buildings.sc","rapidfire_turret_lvl1",600,60,12,,"Bow",,14,0,10,
"DestroyKingAltarsRush","DestroyBuilding","Accumulative","Rush","TID_CLANGAMES_TASK_DESTROY_KINGALTARS","TID_CLANGAMES_TASK_INFO_DESTROY_KINGALTARS","sc/buildings.sc","heroaltar_barbarian_king_lvl1",400,60,5,,"Hero Altar Barbarian King",,14,0,10,
"DestroyQueenAltarsRush","DestroyBuilding","Accumulative","Rush","TID_CLANGAMES_TASK_DESTROY_QUEENALTARS","TID_CLANGAMES_TASK_INFO_DESTROY_QUEENALTARS","sc/buildings.sc","heroaltar_archer_queen_lvl1",400,60,5,,"Hero Altar Archer Queen",,14,0,10,
"DestroyWardenAltarsRush","DestroyBuilding","Accumulative","Rush","TID_CLANGAMES_TASK_DESTROY_WARDENALTARS","TID_CLANGAMES_TASK_INFO_DESTROY_WARDENALTARS","sc/buildings.sc","heroaltar_elder_lvl1",400,60,5,,"Hero Altar Grand Warden",,14,0,10,
"LootGoldRush","LootResources","Accumulative","Rush","TID_CLANGAMES_TASK_LOOT_GOLD","TID_CLANGAMES_TASK_INFO_LOOT_GOLD","sc/ui.sc","Home_Loot_Gold",600,60,750000,,"Gold",,45,0,10,
"LootElixirRush","LootResources","Accumulative","Rush","TID_CLANGAMES_TASK_LOOT_ELIXIR","TID_CLANGAMES_TASK_INFO_LOOT_ELIXIR","sc/ui.sc","Home_Loot_Elixir",600,60,750000,,"Elixir",,45,0,10,
"LootDarkElixirRush","LootResources","Accumulative","Rush","TID_CLANGAMES_TASK_LOOT_DARKELIXIR","TID_CLANGAMES_TASK_INFO_LOOT_DARKELIXIR","sc/ui.sc","Home_Loot_DarkElixir",600,60,7500,,"DarkElixir",,30,0,10,
"WinHomeBattlesInRowRush","WinHomeBattles","Consecutive","Rush","TID_CLANGAMES_TASK_WIN_HOMEBATTLESINROW","TID_CLANGAMES_TASK_INFO_WIN_HOMEBATTLESINROW","sc/ui.sc","Home_Win_Battles_Icon",600,60,3,,,,24,0,10,
"DestroyTownHall2Rush","DestroyBuilding","Accumulative","Rush","TID_CLANGAMES_TASK_DESTROY_BB_BUILDERHALL","TID_CLANGAMES_TASK_INFO_DESTROY_BB_BUILDERHALL","sc/buildings2.sc","new_TH_lvl3",600,60,6,,"Town Hall2",,20,0,10,
"DestroyAirDefenseMiniRush","DestroyBuilding","Accumulative","Rush","TID_CLANGAMES_TASK_DESTROY_BB_FIRECRACKERS","TID_CLANGAMES_TASK_INFO_DESTROY_BB_FIRECRACKERS","sc/buildings2.sc","airDefence_box_lvl4",600,60,15,,"Air Defense Mini",,20,0,10,
"DestroyAirDefense2Rush","DestroyBuilding","Accumulative","Rush","TID_CLANGAMES_TASK_DESTROY_BB_AIRBOMBS","TID_CLANGAMES_TASK_INFO_DESTROY_BB_AIRBOMBS","sc/buildings2.sc","airDefence_factory_lvl4",600,60,6,,"Air Defense2",,20,0,10,
"DestroyClockTowerRush","DestroyBuilding","Accumulative","Rush","TID_CLANGAMES_TASK_DESTROY_BB_CLOCKTOWER","TID_CLANGAMES_TASK_INFO_DESTROY_BB_CLOCKTOWER","sc/buildings2.sc","clocktower_lvl2",600,60,6,,"Clock Tower",,20,0,10,
"DestroyCrusherRush","DestroyBuilding","Accumulative","Rush","TID_CLANGAMES_TASK_DESTROY_BB_CRUSHER","TID_CLANGAMES_TASK_INFO_DESTROY_BB_CRUSHER","sc/buildings2.sc","Crusher_lvl2",600,60,12,,"Crusher",,20,0,10,
"DestroyDoubleCannonRush","DestroyBuilding","Accumulative","Rush","TID_CLANGAMES_TASK_DESTROY_BB_DOUBLECANNON","TID_CLANGAMES_TASK_INFO_DESTROY_BB_DOUBLECANNON","sc/buildings2.sc","doubleCannon_lvl2",600,60,15,,"Double Cannon",,20,0,10,
"DestroyFlamerRush","DestroyBuilding","Accumulative","Rush","TID_CLANGAMES_TASK_DESTROY_BB_ROASTER","TID_CLANGAMES_TASK_INFO_DESTROY_BB_ROASTER","sc/buildings2.sc","Flamer_lvl2",600,60,6,,"Flamer",,20,0,10,
"DestroyGemMineRush","DestroyBuilding","Accumulative","Rush","TID_CLANGAMES_TASK_DESTROY_BB_GEMMINE","TID_CLANGAMES_TASK_INFO_DESTROY_BB_GEMMINE","sc/buildings2.sc","gem_mine_lvl2",600,60,6,,"Gem Mine",,20,0,10,
"DestroyGiantCannonRush","DestroyBuilding","Accumulative","Rush","TID_CLANGAMES_TASK_DESTROY_BB_GIANTCANNON","TID_CLANGAMES_TASK_INFO_DESTROY_BB_GIANTCANNON","sc/buildings2.sc","megaCannon_lvl4",600,60,6,,"Giant Cannon",,20,0,10,
"DestroyGuardPostRush","DestroyBuilding","Accumulative","Rush","TID_CLANGAMES_TASK_DESTROY_BB_GUARDPOST","TID_CLANGAMES_TASK_INFO_DESTROY_BB_GUARDPOST","sc/buildings2.sc","GuardPost_lvl4",600,60,6,,"Guard Post",,20,0,10,
"DestroyLaboratory2Rush","DestroyBuilding","Accumulative","Rush","TID_CLANGAMES_TASK_DESTROY_BB_STARLABORATORY","TID_CLANGAMES_TASK_INFO_DESTROY_BB_STARLABORATORY","sc/buildings2.sc","Telescope_lvl5",600,60,6,,"Laboratory2",,20,0,10,
"DestroyMultiMortarRush","DestroyBuilding","Accumulative","Rush","TID_CLANGAMES_TASK_DESTROY_BB_MULTIMORTAR","TID_CLANGAMES_TASK_INFO_DESTROY_BB_MULTIMORTAR","sc/buildings2.sc","multi_mortar_lvl4",600,60,6,,"Multi Mortar",,20,0,10,
"WinHomeBattle3StarsVersusTownHall11Regular","GetHomeBattleStarsVersusTownHall","Accumulative","Regular","TID_CLANGAMES_TASK_WIN_STARS_VS_TOWNHALL_11","TID_CLANGAMES_TASK_INFO_WIN_STARS_VS_TOWNHALL_11","sc/buildings.sc","town_hall_lvl11",200,480,3,11,,,210,0,10,
"WinHomeBattle3StarsVersusTownHall10Regular","GetHomeBattleStarsVersusTownHall","Accumulative","Regular","TID_CLANGAMES_TASK_WIN_STARS_VS_TOWNHALL_10","TID_CLANGAMES_TASK_INFO_WIN_STARS_VS_TOWNHALL_10","sc/buildings.sc","town_hall_lvl10",200,480,3,10,,,210,0,10,
"WinHomeBattle3StarsVersusTownHall9Regular","GetHomeBattleStarsVersusTownHall","Accumulative","Regular","TID_CLANGAMES_TASK_WIN_STARS_VS_TOWNHALL_9","TID_CLANGAMES_TASK_INFO_WIN_STARS_VS_TOWNHALL_9","sc/buildings.sc","town_hall_lvl9",200,480,3,9,,,210,0,10,
"WinHomeBattle3StarsVersusTownHall8Regular","GetHomeBattleStarsVersusTownHall","Accumulative","Regular","TID_CLANGAMES_TASK_WIN_STARS_VS_TOWNHALL_8","TID_CLANGAMES_TASK_INFO_WIN_STARS_VS_TOWNHALL_8","sc/buildings.sc","town_hall_lvl8",200,480,3,8,,,210,0,10,
"WinHomeBattle3StarsVersusTownHall7Regular","GetHomeBattleStarsVersusTownHall","Accumulative","Regular","TID_CLANGAMES_TASK_WIN_STARS_VS_TOWNHALL_7","TID_CLANGAMES_TASK_INFO_WIN_STARS_VS_TOWNHALL_7","sc/buildings.sc","town_hall_lvl7",200,480,3,7,,,210,0,10,
"WinHomeBattle3StarsVersusTownHall6Regular","GetHomeBattleStarsVersusTownHall","Accumulative","Regular","TID_CLANGAMES_TASK_WIN_STARS_VS_TOWNHALL_6","TID_CLANGAMES_TASK_INFO_WIN_STARS_VS_TOWNHALL_6","sc/buildings.sc","town_hall_lvl6",200,480,3,6,,,210,0,10,
"GetHomeBattleStarsNoSpellsRegular","GetHomeBattleStarsNoSpells","Accumulative","Regular","TID_CLANGAMES_TASK_WIN_STARS_WITHOUT_SPELLS","TID_CLANGAMES_TASK_INFO_WIN_STARS_WITHOUT_SPELLS","sc/ui.sc","No_Spells_Icon",200,480,3,,,,210,0,10,
"GetHomeBattleStarsNoHeroesRegular","GetHomeBattleStarsNoHeroes","Accumulative","Regular","TID_CLANGAMES_TASK_WIN_STARS_WITHOUT_HEROES","TID_CLANGAMES_TASK_INFO_WIN_STARS_WITHOUT_HEROES","sc/ui.sc","No_Heroes_Icon",200,480,3,,,,210,0,10,
"GetHomeBattleStarsVersusHigherTownHallRegular","GetHomeBattleStarsVersusHigherTownHall","Accumulative","Regular","TID_CLANGAMES_TASK_WIN_STARS_VS_HIGHER_TOWNHALL","TID_CLANGAMES_TASK_INFO_WIN_STARS_VS_HIGHER_TOWNHALL","sc/ui.sc","Higher_TH_Kill_Icon",400,480,3,,,,210,0,10,
"WinWarStarsRegular","WinWarStars","Accumulative","Regular","TID_CLANGAMES_TASK_WIN_WARSTARS","TID_CLANGAMES_TASK_INFO_WIN_WARSTARS","sc/ui.sc","Home_Collect_War_Stars_Icon",600,2880,3,,,,210,0,10,
"WinHomeBattleVersusLeagueTitanRegular","GetHomeBattleStarsVersusLeague","Accumulative","Regular","TID_CLANGAMES_TASK_WIN_STARS_VS_TITANLEAGUE","TID_CLANGAMES_TASK_INFO_WIN_STARS_VS_TITANLEAGUE","sc/ui.sc","Titan_League_Wins_Icon",600,480,5,,"Hero3",,210,0,10,
"GetHeroLevelKillsBarbarianKingRegular","GetHeroLevelKills","Accumulative","Regular","TID_CLANGAMES_TASK_GET_LEVELKILLS_VS_BARBARIANKING","TID_CLANGAMES_TASK_INFO_GET_LEVELKILLS_VS_BARBARIANKING","sc/ui.sc","Stun_BK_Icon",200,480,50,,"Barbarian King",,210,0,10,
"GetHeroLevelKillsArcherQueenRegular","GetHeroLevelKills","Accumulative","Regular","TID_CLANGAMES_TASK_GET_LEVELKILLS_VS_ARCHERQUEEN","TID_CLANGAMES_TASK_INFO_GET_LEVELKILLS_VS_ARCHERQUEEN","sc/ui.sc","Stun_AQ_Icon",200,480,50,,"Archer Queen",,210,0,10,
"GetHeroLevelKillsGrandWardenRegular","GetHeroLevelKills","Accumulative","Regular","TID_CLANGAMES_TASK_GET_LEVELKILLS_VS_GRANDWARDEN","TID_CLANGAMES_TASK_INFO_GET_LEVELKILLS_VS_GRANDWARDEN","sc/ui.sc","Stun_Elder_Icon",200,480,20,,"Grand Warden",,210,0,10,
"GetHeroLevelKillsAllHeroesRegular","GetHeroLevelKills","Accumulative","Regular","TID_CLANGAMES_TASK_GET_LEVELKILLS_VS_ALLHEROES","TID_CLANGAMES_TASK_INFO_GET_LEVELKILLS_VS_ALLHEROES","sc/ui.sc","Stun_All_Heroes_Icon",200,480,125,,,,210,0,10,
"UseMegaPekkas","WinStarsUsingTroop","Accumulative","Regular","TID_CLANGAMES_TASK_USE_MEGAPEKKA","TID_CLANGAMES_TASK_INFO_USE_MEGAPEKKA","sc/ui.sc","icon_unit_electric_pekka",200,480,5,1,"PEKKA2",,42,0,10,
"DestroyMegaTeslaIntense","DestroyBuilding","Accumulative","Intense","TID_CLANGAMES_TASK_DESTROY_BB_MEGATESLA","TID_CLANGAMES_TASK_INFO_DESTROY_BB_MEGATESLA","sc/buildings2.sc","mega_tesla_lvl4",350,60,5,,"Mega Tesla",,20,0,10,
"DestroyMegaTeslaRush","DestroyBuilding","Accumulative","Rush","TID_CLANGAMES_TASK_DESTROY_BB_MEGATESLA","TID_CLANGAMES_TASK_INFO_DESTROY_BB_MEGATESLA","sc/buildings2.sc","mega_tesla_lvl4",600,60,6,,"Mega Tesla",,20,0,10,
"DestroyMegaTesla","DestroyBuilding","Accumulative","Regular","TID_CLANGAMES_TASK_DESTROY_BB_MEGATESLA","TID_CLANGAMES_TASK_INFO_DESTROY_BB_MEGATESLA","sc/buildings2.sc","mega_tesla_lvl4",200,480,3,,"Mega Tesla",,47,0,10,
